Contract Address,Interaction Count
0x74fdddeb4393b97f8f428d64678e45a70a23a7b5,1620
0xc3aba9d5c66c7f01113694df12ed4833d475c6e5,1624
0xb1d9f06299fc23fbd14e61acf7ebc9f734f439e4,1657
0x7bf33993b9c49370cb69f201b63f48dfb57f30b0,1654
0x764c112e9957dc21147695c50fc868bdc22b85ca,1609
0x896209a56d3cd1ee236283a3f60deba1acd52be8,1689
0x0fbbc319d1b1d48e6e30f6046bdc04a06436365c,1604
0x06fb73d22b6b3ea2e2fe8de1631b2c8548bdd687,1611
0xf2d72392e23b29fbbd87618d0c32ae8e90be9f55,1579
0xeb3aa9bc3b138ba608754e85bc5ce66af54a9121,1627
0x7411704da13f8765c4b0f671f0b7b277dbb7badb,1606
0x0c0e8ac46998ea62b1ae2a0d501c7a3445141139,1564
0x35a312eb356506f3e8b9b3f0777c79bc1c7a5ac9,1561
0x9f575aef62ade76d04ae59bf86edf12fc521b70f,1628
0x3d91c3926392791f93022d09f8f22a7552ade483,1535
