Wallet Address,Balance (ETH)
0x5ab0f172da51bda8e3eaec4400cda9eff8096ade,9.0
0xc29b63529b37fc0a23f43dba6afacf0370a359f0,9.0
0x8cee2f773771ced3c8412be6bb4cb99e232b73a5,9.0
0xc8a21df972a4bbf3fe6560af4b7e6be2139b09b5,9.0
0x559c4586baeef86cb40d29d51d284a85f311de22,9.0
0x0a1a5293dd438cda9e8face0173427aafe8b085b,9.0
0x6265a45cd49342e7dda9fb277bc1856da68293eb,9.0
0x2ebe863785d83286cffd495827d00a90ebbf2462,9.0
0x05da25df1168b7a2f0720da9144b2b87c45aaf7c,9.0
0xf11163d14672eb4267976e32c0ccf28b7fa68240,9.0
0x176385326644ae28ba29d84eba00ff4b68a90034,9.0
0xc79ebe4d69b1d55d81af353acba377d8521ce787,9.0
0x52e9d8c7435e60ccc9d78d3539475843db0422ac,9.0
0x294c4c8c1527ccf3110a293e1d9b6d02cadb0db1,9.0
0x4f9e538242ca5f0fb565c02944b9df280598fd05,9.0
0xd07a2d32558d1c3f9afd0e1690d3640d9c8603ab,9.0
0x5dfb780c558c8b44eca728e53c7bc79773aea3bc,9.0
0x35c0cbf7304ea03f30f73ca1e94c01e4ee85632a,9.0
0xf8f5718c509d378e6f9f50072c69b9a95c89a732,9.0
0xc0088ed8a407efa166d5f7124a3d5aead2894564,9.0
0x1f117205b972900a3b256e62e5f50b664b155b55,9.0
0xbe562db76d5b50447b2c0db47bee7ca678396b72,9.0
0x359c69ee57e0560b7bf80a9fc070a68278a2156a,9.0
0x1f20edcbe4bc84d8ea90b64eb852abc6de006445,9.0
0x4784d300be49835302908b8fa44a787f650e420e,9.0
0x239a829f00f8bc38ea8f7e642645bb5c55313cd8,9.0
0x91a6cc19a2de2eb5d9729720ed6b9f44577d48ab,9.0
0xc46687e3e52b30ba0561ca36bb579635df1aa4e1,9.0
0xe42fd51b4d2c4704645e1626324b6f1f0e6d407a,9.0
0x6ba1c0fe52406ac12de57d32b38eb1016707d3c1,9.0
0x276a7a1b7cdcb70c8950b697c4ef78468e9753d8,9.0
0x3403e3ee1fe4ed9d487b0cdac9508fb1fe496fe3,9.0
0x3f8396b954b0d7f8818583f1c09cba90d6489da0,9.0
0x27533bfe428223b6f96a1604c615b630851e9ca5,9.0
0x52e3664ce705e87e502939696cadedbb92bda38c,9.0
0x0e75d20edeb753c3c7b4bf82a8caeb541e3a296f,9.0
0xc1ed7bf1f874ed9bafbd54fcd5ab7ff6c7200d3f,9.0
0xb221849f41b1d17a89810bc6f4d617ea5b809e79,9.0
0x49204aff37549889a57eb9a374d41c91c89af359,9.0
0x9c9c438a44876bbd72fbfdebbcd880ebec387568,9.0
0xaa4298f18cdf5123379576405d69b199dc24189a,9.0
0x5f2366139262aa26af21afbc1b06a1f9ecfc89bc,9.0
0x84c0551fff00a23c52fe6fa4d01f94394c0cec4c,9.0
0x49d2175e22aa4ec05b4f39b846781834b1e0de08,9.0
0xbad4e4a066f4a2a7de96a38dcf7584787ece7723,9.0
0x58c787c7e89d8d0522d5f9842681ee6d18c92135,9.0
0x7f9c8627832cfb3ca4e4e5f6287bc0fd158b5263,9.0
0x1a2e96019439d036ef9eff7f483b0b0fef0d3729,9.0
0xcf70c28a422328d3421d754c2e394583af75eda5,9.0
0xf4a3343684216b252ac756741050421a2353379b,9.0
0xbccf0f2d7cb266ce6731a7e2f26da2c5dcc211a6,9.0
0x8f71cb3533f11886ae452b003902948a30b43f71,9.0
0xa5b6b0f501aa7044532faeca942e209892f53183,9.0
0x6d06b0bb149015aeb788a016ff4c7092e709e126,9.0
0xc6ecd89f665ddcafcd916082351d46f925ef12d7,9.0
0x5179f3f17db1895a8ba70c7131c0cd684f2d192f,9.0
0x3246d1a93e321b0d98f76408ed8f6484420b2cd9,9.0
0x58526eb391cfd6e59054ffb6c770888de8236452,9.0
0x3dd5af981af685a6aa3b73847645f8855d049f30,9.0
0x84fdc48bb8bdf5c23bd74aae8c09dc7f006ada72,9.0
0x6a58c0fdecc653319af5982bf5148e4b4354ae86,9.0
0x4cadf42fe4ea79cc347555700c2d7078b8dd446c,9.0
0x9465794793a5aee5e72f985dceaf60601a4bf2c8,9.0
0xe7a37e0ac137852966adb72fec717f0d73e101b6,9.0
0xcc328e39b28301a90237b2568a915644335103f0,9.0
0x8ebd05d0df8de11370096bf1f926ca0fbddd91b0,9.0
0x8dbd4f138bd1bf8ae57ddc455c213a90d0c2b8b4,9.0
0x1f7c20b99e9a76e7c94a170880e3d8111654c227,9.0
0x79b75357440e840db2e8261251f39b4baecee9a2,9.0
0x2f9a034ce9ecd9acf74697198ff125183e7f7133,9.0
0xdfcc855bea205ac2ec46f0e6eedc9e0d59ef91f1,9.0
0xd793b842ce7f63fc156d05efea6d4f63ed2e1da3,9.0
0x5578912e3e49a6262e6ebb0f0e5e41dc49fd2b38,9.0
0x3f7460ef9721dcdfffa03efde3cdaaf73e1dfaf4,9.0
0x83fb00c684669ea6f29c3fc7a065ee08d7aeeb3a,9.0
0xa279bd7069456fbceb36191b59e20d05920d09e6,9.0
0x11390310ae3bbc24f0171a5437f682bbcd248280,9.0
0x57db54e5c4edd0a945120ab3b026b7eb22b61991,9.0
0xff26ecabdaf937a443fe50c716a1d155f61b541f,9.0
0x4739e247ac7cb2ef6b8e89ed8845352a256c3ca4,9.0
0xe6f716cc89e5b5a3b5ae5f358f83c08c905ed37d,9.0
0x6e87da3840b32706092a254256e9344d83324a54,9.0
0xcf36dd5864c7ce6aee30f4ee5c9dd84eb268093a,9.0
0xf217b5659a24795543f7825d2c5430678fe9f1dc,9.0
0x3103de39de0c63671da47c243f312f93332e3c3f,9.0
0x46092279702be10c7cb21f76c20be376284c1deb,9.0
0xae5d0a18fb181055c302661c69ca5673992a2121,9.0
0x7cd80716881607ff9e306f047cc3d9e2b60572d0,9.0
0x013ad7cb6d786839c5ee2ef8d403473ab777c796,9.0
0x32191ed95c500d4645684d9dcf75831b4564f65e,9.0
0xe3661506f6f31a4c06f0b5a2621ab264b213b665,9.0
0x2ad2f8af5cbadb1b38eb7d01cb34b7dfbecc806b,9.0
0x2a4356ce27091647690e8a2968395c59e4d324e0,9.0
0x6609eb2e19eb1d53f99f3ffc8d31d0bb19f2b0cd,9.0
0x8c34c0307b18e221af30beeab5437a651e3c9f75,9.0
0x3e77a39958df1f4547c0c7effda0469e9d567161,9.0
0x4d102c347dde7011d8f5a40d1560d1041e2017b2,9.0
0x17b065fe0c3ed675f096c4807a6884eb3e71b5b5,9.0
0x0f496cf4cb24401f07e39245139bcc805cc33f71,9.0
0x63fb8edbcc34f8a2f2d36c3f1e9ba1cb0c2d1651,9.0
